model,metrics/precision(B),metrics/recall(B),metrics/mAP50(B),metrics/mAP50-95(B),fitness,preprocess,inference,loss,postprocess
onnx,0.8562772444852219,0.8480392156862745,0.896012745017645,0.46982958911163414,0.5124479047022352,1.4235249048546899,297.00963708418834,0.011866605734523339,2.187756043446215
tf_32,0.8562771247483413,0.8480392156862745,0.896023450939358,0.4698390378660055,0.5124574791733407,11.982166314426857,11411.465919470485,0.012047683136372627,5.370562589621242
tf_16,0.8561941522964357,0.8480392156862745,0.8959662092832278,0.4698399388016662,0.5124525658498224,14.509502845474437,11273.882666720621,0.011688546289371538,5.424982384790348
